Workbook

Sheet README
C1: 注意这个文档不能 merge！！ 发现冲突以后，先备份自己的改动，然后更新到最新版，然后再添加新的数据。
C3: 正式的数据从第二个 sheet 页开始,每页 从 D7 单元格开始有效 同一个表的数据要连续,中间不能有空行 Sheet 页的名字不要包含空格,中文等 | E3: 颜色示例(非必须,非强制)
C4: 请给特殊单元格,列名添加颜色,提高数据可读性 | E4: *自动生成 | F4: #唯一性检查 | G4: 公式=外键引用
C5: 理论上,表的前后顺序,sheet 页的顺序没有严格要求,但请尽量按照先插 后引用的顺序排列,减少迭代次数!
C7: 列名格式举例 | D7: 说明 | E7: 备注
C8: ROLE_CODE | D8: 普通
C9: *USER_ID | D9: *前置, 该列的值自动生成,当数据库存在等价记录时,这个值会被替换为数据库中已存在的值 | E9: 自增长(或序列)主键列. 当不作为外键引用时,一般写* 作为外键时,写可读的值 | F9: 目前 oracle 是序列,其他自增涨
C10: #USER_NAME | D10: #前置,表中所有带有#的列组成一个唯一性校验,在执行插入之前,会首先按照唯一键来检查数据库是否存在等价记录 | E10: 可以有多列.仅支持数字,字符串 当#列涉及到公式时,会先确定公式的值
C11: UNIT_PRICE(DECIMAL) | D11: (TYPE)指定这一列的类型,默认会自动检测: _ID结尾为数字; _DATE 结尾为日期; 其他默认为VARCHAR | E11: 一般不需要指定. 日期格式仅支持: yyyy-MM-dd HH:mm:ss yyyy-MM-dd
C12: ROLE_NAME:zh_CN | D12: :LANG 指定语言环境 | E12: TL 表数据不需要专门写
C15: 外键引用(公式) | D15: 用于引用外键,也可用于普通值 目前不支持特别复杂的公式 | E15: 自动增长列,如果被公式引用,最好写一个人可以读懂的值,增强公式可读性
C18: 关于公式的说明
C19: 一般用于引用自动生成的外键.所有公式均为 Excel 支持的标准公式,但不支持特别复杂的计算公式,比如范围计算
C20: E9 | D20: 相对引用当前页 E9 单元格
C21: $E$9 | D21: 绝对引用当前页 E9 单元格
C22: RESOURCE!E23 | D22: 引用 RESOURCE 页的 E23 单元格(相对)
C23: RESOURCE!$E$23 | D23: 引用 RESOURCE 页的 E23 单元格(绝对)
C25: 关于相对引用 | D25: 举例:当 F10 单元格引用 A9 时 将 F10 的复制到 F11 单元格时, F11 引用的是 A10 将 F10 的复制到 G11 时, G11 实际引用的是 B10 以上情况适用于拖拽填充
C26: 关于绝对引用 | D26: 复制公式单元格时,保持公式不变
C27: 相对引用,绝对引用各有用途. 直接拖拽填充就可以避免大量重复工作

Sheet 事件源和分类定义
A1: 日期 | B1: 作者 | C1: 说明 | D1: 表
E4: *自动生成 | F4: #唯一性检查 | G4: 公式=外键引用
A7: 2020-06-15 | B7: hzero | C7: 事件源定义 | D7: hevt_event_source | E7: *event_source_id | F7: #tenant_id | G7: #event_source_code | H7: event_source_name | I7: event_source_type | J7: service_address | K7: enabled_flag | L7: username | M7: password
E8: hevt_event_source-8 | F8: 0 | G8: HZERO_KAFKA_SOURCE | H8: kafka事件源 | I8: kafka | J8: 172.23.16.83:9092 | K8: 1
A10: 2020-06-15 | B10: hzero | C10: 事件分类定义 | D10: hevt_event_category | E10: *category_id | F10: #category_code | G10: #tenant_id | H10: category_name | I10: level_code | J10: enabled_flag
E11: hevt_event_category-11 | F11: HALT_AM | G11: 0 | H11: 告警中心 | I11: GLOBAL | J11: 1
E12: hevt_event_category-12 | F12: HALT_PROM | G12: 0 | H12: 告警-普罗米修斯 | I12: GLOBAL | J12: 1
E13: hevt_event_category-13 | F13: HALT_LOG | G13: 0 | H13: 告警-日志 | I13: GLOBAL | J13: 1
E14: hevt_event_category-14 | F14: HALT_TARGET | G14: 0 | H14: 告警目标 | I14: GLOBAL | J14: 1
E15: hevt_event_category-15 | F15: HALT_SOURCE | G15: 0 | H15: 告警数据源 | I15: GLOBAL | J15: 1

Sheet 事件及事件处理
A1: 日期 | B1: 作者 | C1: 说明 | D1: 表
E4: *自动生成 | F4: #唯一性检查 | G4: 公式=外键引用
A7: 2020-06-15 | B7: hzero | C7: 事件定义 | D7: hevt_event | E7: *event_id | F7: category_id | G7: #tenant_id | H7: #event_code | I7: event_name | J7: level_code | K7: event_source_id
E8: hevt_event-8 | F8: =事件源和分类定义!$E$11 | G8: 0 | H8: HALT_INHIBIT | I8: 抑制规则 | J8: GLOBAL | K8: =事件源和分类定义!$E$8
E9: hevt_event-9 | F9: =事件源和分类定义!$E$11 | G9: 0 | H9: HALT_ROUTE | I9: 路由匹配 | J9: GLOBAL | K9: =事件源和分类定义!$E$8
E10: hevt_event-10 | F10: =事件源和分类定义!$E$11 | G10: 0 | H10: HALT_SILENCE | I10: 静默规则 | J10: GLOBAL | K10: =事件源和分类定义!$E$8
E11: hevt_event-11 | F11: =事件源和分类定义!$E$12 | G11: 0 | H11: HALT_RULE_PROM | I11: 告警-普罗米修斯告警规则 | J11: GLOBAL | K11: =事件源和分类定义!$E$8
E12: hevt_event-12 | F12: =事件源和分类定义!$E$13 | G12: 0 | H12: HALT_RULE_LOG | I12: 告警-日志规则 | J12: GLOBAL | K12: =事件源和分类定义!$E$8
E13: hevt_event-13 | F13: =事件源和分类定义!$E$14 | G13: 0 | H13: HALT_TARGET | I13: 告警消息推送目标 | J13: GLOBAL | K13: =事件源和分类定义!$E$8
E14: hevt_event-14 | F14: =事件源和分类定义!$E$15 | G14: 0 | H14: HALT_CHANNEL | I14: 告警接入地址 | J14: GLOBAL | K14: =事件源和分类定义!$E$8
A16: 2020-06-15 | B16: hzero | C16: 事件处理服务 | D16: hevt_event_handle_service | E16: *event_handle_service_id | F16: #event_id | G16: #service_code | H16: group_id | I16: enabled_flag
E17: hevt_event_handle_service-17 | F17: =事件及事件处理!$E$9 | G17: hzero-alert-agent | H17: hzero-alert-agent-am | I17: 1
E18: hevt_event_handle_service-18 | F18: =事件及事件处理!$E$14 | G18: hzero-alert | H18: hzero-alert-source | I18: 1
E19: hevt_event_handle_service-19 | F19: =事件及事件处理!$E$12 | G19: hzero-alert-agent | H19: hzero-alert-agent-log | I19: 1
E20: hevt_event_handle_service-20 | F20: =事件及事件处理!$E$8 | G20: hzero-alert-agent | H20: hzero-alert-agent-am | I20: 1
E21: hevt_event_handle_service-21 | F21: =事件及事件处理!$E$10 | G21: hzero-alert-agent | H21: hzero-alert-agent-am | I21: 1
E22: hevt_event_handle_service-22 | F22: =事件及事件处理!$E$11 | G22: hzero-alert-agent | H22: hzero-alert-agent-prom | I22: 1
A24: 2020-06-15 | B24: hzero | C24: 事件处理方法 | D24: hevt_event_handle_method | E24: *event_handle_method_id | F24: tenant_id | G24: #event_handle_service_id | H24: #handle_function | I24: level_code | J24: enabled_flag | K24: order_seq
E25: * | F25: 0 | G25: =事件及事件处理!$E$17 | H25: org.hzero.alert.agent.api.eventhandle.AlertManagerRouteEventHandle | I25: GLOBAL | J25: 1 | K25: 0
E26: * | F26: 0 | G26: =事件及事件处理!$E$18 | H26: org.hzero.alert.domain.channel.MqChanelHandler | I26: GLOBAL | J26: 1 | K26: 1
E27: * | F27: 0 | G27: =事件及事件处理!$E$19 | H27: org.hzero.alert.agent.api.eventhandle.AlertLogRuleEventHandler | I27: GLOBAL | J27: 1 | K27: 0
E28: * | F28: 0 | G28: =事件及事件处理!$E$20 | H28: org.hzero.alert.agent.api.eventhandle.AlertManagerInhibitRuleEventHandle | I28: GLOBAL | J28: 1 | K28: 0
E29: * | F29: 0 | G29: =事件及事件处理!$E$21 | H29: org.hzero.alert.agent.api.eventhandle.AlertManagerSilenceRuleEventHandle | I29: GLOBAL | J29: 1 | K29: 0
E30: * | F30: 0 | G30: =事件及事件处理!$E$22 | H30: org.hzero.alert.agent.api.eventhandle.AlertRulePromEventHandle | I30: GLOBAL | J30: 1 | K30: 1
